branch,source_dataset,n_cases,D_med,D_iqr,D_min,D_max,vz_med,vz_iqr,vz_min,vz_max,vz_bin_<1,vz_bin_1_2,vz_bin_2_4,vz_bin_4_6p5,vz_bin_>6p5
normal,RSNA-Normal,640,34.0,4.0,28,48,5.0,0.0,3.723325490951538,5.392516613006592,0,0,42,598,0
segmented,BHSD,192,32.0,4.0,24,60,5.035000801086426,0.3340740203857422,0.5,6.5181884765625,1,0,20,170,1
segmented,CQ500-51,51,244.0,32.0,32,352,0.6303173303604126,0.03523147106170654,0.5,5.164515972137451,42,0,4,5,0
segmented,CT-ICH,75,36.0,5.0,31,58,5.0,0.0,5.0,5.0,0,0,0,75,0
segmented,HemSeg500,525,32.0,5.0,24,58,5.0374836921691895,0.287567138671875,2.5,6.502016544342041,0,0,17,507,1
segmented,Instance22,100,29.0,3.25,24,40,5.0,0.0,4.397331714630127,5.434779644012451,0,0,0,100,0
