branch,source_dataset,n_cases,D_med,D_iqr,D_min,D_max,vz_med,vz_iqr,vz_min,vz_max,vz_bin_<1,vz_bin_1_2,vz_bin_2_4,vz_bin_4_6p5,vz_bin_>6p5
normal,RSNA-Normal,640,33.0,3.0,28,47,5.0,0.0,4.002460956573486,5.392516613006592,0,0,0,640,0
segmented,BHSD,191,32.0,3.5,5,46,5.027002334594727,0.3473472595214844,5.0,6.5181884765625,0,0,0,190,1
segmented,CQ500-51,51,32.0,4.0,28,44,5.0,1.1444091796875e-05,5.0,5.164515972137451,0,0,0,51,0
segmented,CT-ICH,75,36.0,5.0,31,58,5.0,0.0,5.0,5.0,0,0,0,75,0
segmented,HemSeg500,525,32.0,5.0,24,46,5.0374836921691895,0.287567138671875,4.016706943511963,6.502016544342041,0,0,0,524,1
segmented,Instance22,100,29.0,3.25,24,40,5.0,0.0,4.397331714630127,5.434779644012451,0,0,0,100,0
